"동별(1)",동별(2),동별(3),2025,2025,2025,2025,2025,2025,2025,2025,2025,2025,2025,2025,2025,2025,2025,2025,2025,2025,2025,2025
"동별(1)",동별(2),동별(3),합계,합계,합계,합계,노상,노상,노상,노상,노외,노외,노외,노외,노외,노외,건축물부설,건축물부설,건축물부설,건축물부설,건축물부설,건축물부설
"동별(1)",동별(2),동별(3),공영,공영,민영,민영,시영,시영,구영,구영,시영,시영,구영,구영,민영,민영,일반주택,일반주택,공동주택,공동주택,일반건축물,일반건축물
"동별(1)",동별(2),동별(3),개소 (개소),면수 (면),개소 (개소),면수 (면),개소 (개소),면수 (면),개소 (개소),면수 (면),개소 (개소),면수 (면),개소 (개소),면수 (면),개소 (개소),면수 (면),개소 (개소),면수 (면),개소 (개소),면수 (면),개소 (개소),면수 (면)
"합계",소계,소계,20169,177082,298800,4474225,57,1500,18965,96799,66,15824,1081,62959,824,32032,119643,286995,90521,2450834,87812,1704364
"합계",종로구,소계,1964,6566,7054,82973,8,248,1912,1912,3,2616,41,1790,80,2055,2875,7060,1462,27133,2637,46725
"합계",종로구,청운효자동,157,453,685,3817,-,-,152,152,-,-,5,301,-,-,249,605,253,1678,183,1534
"합계",종로구,사직동,123,1487,362,12516,-,-,118,118,2,1304,3,65,6,253,82,225,71,2628,203,9410
"합계",종로구,삼청동,83,331,223,1826,-,-,78,78,-,-,5,253,3,114,99,210,7,54,114,1448
"합계",종로구,부암동,139,171,499,2941,-,-,136,136,-,-,3,35,1,37,292,723,102,991,104,1190
"합계",종로구,평창동,235,289,1677,9494,-,-,232,232,-,-,3,57,-,-,1159,2687,264,4538,254,2269
"합계",종로구,무악동,-,-,43,3269,-,-,-,-,-,-,-,-,-,-,10,20,14,3008,19,241
"합계",종로구,교남동,65,102,158,5836,-,-,63,63,-,-,2,39,-,-,34,150,93,3892,31,1794
"합계",종로구,가회동,149,149,231,2442,-,-,149,149,-,-,-,-,1,4,91,235,64,319,75,1884
"합계",종로구,종로1.2.3.4가동,202,1682,521,10351,6,126,193,193,1,1312,2,51,25,749,45,55,7,1151,444,8396
"합계",종로구,종로5.6가동,260,342,380,4868,1,83,259,259,-,-,-,-,9,239,62,135,13,502,296,3992
"합계",종로구,이화동,105,235,461,6825,-,-,102,102,-,-,3,133,7,123,111,334,94,586,249,5782
"합계",종로구,혜화동,139,362,921,7979,-,-,133,133,-,-,6,229,6,149,423,1193,225,2821,267,3816
"합계",종로구,창신1동,8,131,242,2471,1,39,6,6,-,-,1,86,11,163,60,99,13,718,158,1491
"합계",종로구,창신2동,154,348,204,876,-,-,152,152,-,-,2,196,1,10,62,157,86,409,55,300
"합계",종로구,창신3동,37,158,36,1290,-,-,34,34,-,-,3,124,-,-,15,24,9,1172,12,94
"합계",종로구,숭인1동,57,175,129,1733,-,-,56,56,-,-,1,119,-,-,47,108,36,1261,46,364
"합계",종로구,숭인2동,51,151,282,4439,-,-,49,49,-,-,2,102,10,214,34,100,111,1405,127,2720
"합계",중구,소계,166,8220,3139,97883,19,371,110,1637,5,2031,32,4181,40,2141,595,2750,694,31492,1810,61500
"합계",중구,소공동,8,94,109,12622,1,9,6,61,-,-,1,24,4,59,1,499,4,1291,100,10773
"합계",중구,회현동,27,278,156,9214,5,51,21,205,-,-,1,22,5,389,30,99,23,1522,98,7204
"합계",중구,명동,16,207,221,14198,3,35,10,96,1,13,2,63,8,333,24,79,6,689,183,13097
"합계",중구,필동,11,295,302,4828,-,-,5,130,2,55,4,110,2,62,52,236,31,886,217,3644
"합계",중구,장충동,6,182,288,5613,-,-,5,76,-,-,1,106,3,242,57,197,78,729,150,4445
"합계",중구,광희동,28,888,245,8154,3,44,23,333,-,-,2,511,3,103,39,140,19,1707,184,6204
"합계",중구,을지로동,19,2252,71,3284,4,177,13,329,1,873,1,873,3,128,1,3,5,955,62,2198
"합계",중구,신당동,18,2492,276,5786,3,55,12,180,1,1090,2,1167,3,203,65,270,38,366,170,4947
"합계",중구,다산동,13,508,538,3481,-,-,3,26,-,-,10,482,-,-,147,460,211,1617,180,1404
"합계",중구,약수동,2,90,203,6203,-,-,1,2,-,-,1,88,1,20,39,138,94,5343,69,702
"합계",중구,청구동,4,197,167,4602,-,-,2,62,-,-,2,135,-,-,33,114,43,3865,91,623
"합계",중구,신당5동,5,245,157,3016,-,-,2,37,-,-,3,208,-,-,33,151,47,2117,77,748
"합계",중구,동화동,3,256,157,3801,-,-,2,27,-,-,1,229,-,-,35,90,29,2914,93,797
"합계",중구,황학동,2,36,145,6420,-,-,2,36,-,-,-,-,6,419,23,148,30,3940,86,1913
"합계",중구,중림동,4,200,104,6661,-,-,3,37,-,-,1,163,2,183,16,126,36,3551,50,2801
"합계",용산구,소계,387,6343,6489,99548,1,5,331,3033,3,821,52,2484,29,598,2258,5948,2147,54663,2055,38339
"합계",용산구,후암동,27,262,722,3983,-,-,23,184,-,-,4,78,-,-,276,618,331,2571,115,794
"합계",용산구,용산2가동,25,231,378,1159,-,-,23,117,-,-,2,114,-,-,154,249,148,470,76,440
"합계",용산구,남영동,19,244,234,5444,-,-,17,199,-,-,2,45,5,61,58,135,62,1765,109,3483
"합계",용산구,청파동,33,289,699,4894,-,-,27,168,-,-,6,121,5,118,247,663,282,1817,165,2296
"합계",용산구,원효로1동,27,319,393,8267,-,-,23,125,-,-,4,194,-,-,82,226,125,5226,186,2815
"합계",용산구,원효로2동,14,319,290,4546,-,-,12,106,-,-,2,213,-,-,89,218,101,3162,100,1166
"합계",용산구,효창동,31,326,280,2696,-,-,27,252,-,-,4,74,-,-,74,179,140,1230,66,1287
"합계",용산구,용문동,7,88,320,2722,-,-,5,43,-,-,2,45,1,25,106,265,174,1922,39,510
"합계",용산구,한강로동,66,1987,339,22443,-,-,57,547,1,559,8,881,1,7,26,61,56,9373,256,13002
"합계",용산구,이촌1동,9,117,65,10706,-,-,9,117,-,-,-,-,-,-,-,-,32,9828,33,878
"합계",용산구,이촌2동,14,245,46,2101,-,-,12,210,-,-,2,35,-,-,5,11,22,1855,19,235
"합계",용산구,이태원1동,21,199,415,3693,-,-,19,149,-,-,2,50,6,159,174,549,70,820,165,2165
"합계",용산구,이태원2동,16,275,646,4071,-,-,14,157,-,-,2,118,1,20,328,769,161,1696,156,1586
"합계",용산구,한남동,36,772,1109,15365,1,5,31,210,1,174,3,383,5,154,370,1362,291,8818,443,5031
"합계",용산구,서빙고동,25,460,227,5830,-,-,19,310,1,88,5,62,1,8,77,184,79,3302,70,2336
"합계",용산구,보광동,17,210,326,1628,-,-,13,139,-,-,4,71,4,46,192,459,73,808,57,315
"합계",성동구,소계,296,6924,5918,114961,1,31,260,3792,1,10,34,3091,25,618,2500,5001,863,64432,2530,44910
"합계",성동구,왕십리2동,10,134,216,3936,-,-,9,40,-,-,1,94,-,-,98,249,31,3090,87,597
"합계",성동구,왕십리도선동,21,387,316,8422,-,-,19,118,-,-,2,269,3,46,94,237,29,6220,190,1919
"합계",성동구,마장동,40,1129,603,7273,-,-,36,767,1,10,3,352,3,89,234,480,72,4103,294,2601
"합계",성동구,사근동,10,357,427,7472,-,-,6,63,-,-,4,294,1,10,219,481,71,1788,136,5193
"합계",성동구,행당1동,11,138,276,7290,-,-,10,90,-,-,1,48,1,150,87,190,64,4003,124,2947
"합계",성동구,행당2동,2,22,84,7940,-,-,2,22,-,-,-,-,-,-,44,91,24,7662,16,187
"합계",성동구,응봉동,12,374,79,2770,-,-,9,128,-,-,3,246,-,-,36,67,33,2555,10,148
"합계",성동구,금호1가동,8,114,72,3790,-,-,6,80,-,-,2,34,-,-,14,28,10,3309,48,453
"합계",성동구,금호2.3가동,10,257,317,6393,-,-,8,128,-,-,2,129,2,21,107,206,133,5665,75,501
"합계",성동구,금호4가동,3,52,127,4533,-,-,3,52,-,-,-,-,2,10,43,94,29,3999,53,430
"합계",성동구,옥수동,9,178,132,7740,1,31,6,70,-,-,2,77,-,-,37,103,32,6851,63,786
"합계",성동구,성수1가1동,16,371,530,7951,-,-,14,181,-,-,2,190,2,51,205,427,81,4096,242,3377
"합계",성동구,성수1가2동,28,614,555,8324,-,-,25,188,-,-,3,426,2,43,323,570,35,3817,195,3894
"합계",성동구,성수2가1동,33,603,600,7014,-,-,31,407,-,-,2,196,3,51,279,602,68,2610,250,3751
"합계",성동구,성수2가3동,42,966,658,15190,-,-,41,774,-,-,1,192,2,50,149,316,36,2812,471,12012
"합계",성동구,송정동,16,348,444,2717,-,-,13,133,-,-,3,215,2,35,319,488,45,1196,78,998
"합계",성동구,용답동,25,880,482,6206,-,-,22,551,-,-,3,329,2,62,212,372,70,656,198,5116
"합계",광진구,소계,77,5435,16554,136108,1,19,20,2618,1,130,55,2668,26,477,8085,19600,4603,68336,3840,47695
"합계",광진구,화양동,6,188,1266,11853,-,-,1,104,-,-,5,84,1,64,606,1288,246,2550,413,7951
"합계",광진구,군자동,5,167,1142,7630,-,-,1,27,-,-,4,140,1,10,571,1419,227,2595,343,3606
"합계",광진구,중곡1동,3,265,1274,5152,-,-,1,114,1,130,1,21,3,54,639,1080,266,2078,366,1940
"합계",광진구,중곡2동,4,174,1324,6397,-,-,2,150,-,-,2,24,1,7,635,1762,399,2910,289,1718
"합계",광진구,중곡3동,6,764,1305,5169,-,-,1,186,-,-,5,578,2,14,742,1105,270,2077,291,1973
"합계",광진구,중곡4동,9,525,1820,7805,-,-,2,387,-,-,7,138,1,35,890,1963,654,4625,275,1182
"합계",광진구,능동,4,292,870,6216,-,-,1,188,-,-,3,104,1,13,560,2170,184,1299,125,2734
"합계",광진구,광장동,6,326,357,13997,1,19,1,195,-,-,4,112,2,9,90,206,103,9214,162,4568
"합계",광진구,자양1동,3,97,1211,6328,-,-,1,50,-,-,2,47,4,88,647,1348,324,3175,236,1717
"합계",광진구,자양2동,4,584,1113,12996,-,-,1,287,-,-,3,297,3,48,523,1313,402,6883,185,4752
"합계",광진구,자양3동,3,325,405,13491,-,-,2,312,-,-,1,13,-,-,186,446,113,8992,106,4053
"합계",광진구,자양4동,7,665,842,7396,-,-,2,199,-,-,5,466,3,56,395,763,174,4338,270,2239
"합계",광진구,구의1동,5,310,1588,8300,-,-,1,80,-,-,4,230,3,63,808,1921,416,3822,361,2494
"합계",광진구,구의2동,7,377,1307,8943,-,-,1,169,-,-,6,208,1,16,513,1414,545,5462,248,2051
"합계",광진구,구의3동,5,376,730,14435,-,-,2,170,-,-,3,206,-,-,280,1402,280,8316,170,4717
"합계",동대문구,소계,599,5646,9601,148849,1,106,566,3409,3,230,29,1901,13,280,4094,9408,1818,84851,3676,54310
"합계",동대문구,용신동,100,850,1342,18727,1,106,94,512,1,79,4,153,3,85,480,1133,200,7917,659,9592
"합계",동대문구,제기동,61,971,926,8185,-,-,59,632,-,-,2,339,2,22,352,863,186,4758,386,2542
"합계",동대문구,전농1동,99,561,825,12083,-,-,98,498,-,-,1,63,3,39,363,674,186,5776,273,5594
"합계",동대문구,전농2동,9,32,226,7232,-,-,9,32,-,-,-,-,-,-,94,178,52,5340,80,1714
"합계",동대문구,답십리1동,28,372,451,13484,-,-,27,179,-,-,1,193,-,-,164,336,74,9746,213,3402
"합계",동대문구,답십리2동,31,312,431,8963,-,-,27,163,-,-,4,149,-,-,191,394,67,6748,173,1821
"합계",동대문구,장안1동,82,516,1247,19027,-,-,77,315,1,71,4,130,2,60,347,1018,329,11134,569,6815
"합계",동대문구,장안2동,55,508,970,15466,-,-,52,261,1,80,2,167,1,56,355,1130,221,8956,393,5324
"합계",동대문구,청량리동,52,389,399,9025,-,-,49,296,-,-,3,93,-,-,157,312,80,4836,162,3877
"합계",동대문구,회기동,13,155,593,6004,-,-,12,55,-,-,1,100,1,10,312,663,73,1376,207,3955
"합계",동대문구,휘경1동,19,215,376,6418,-,-,18,171,-,-,1,44,-,-,188,499,59,4020,129,1899
"합계",동대문구,휘경2동,5,371,838,11028,-,-,1,1,-,-,4,370,1,8,554,1122,153,5780,130,4118
"합계",동대문구,이문1동,14,159,712,6964,-,-,13,76,-,-,1,83,-,-,377,854,99,3494,236,2616
"합계",동대문구,이문2동,31,235,265,6243,-,-,30,218,-,-,1,17,-,-,160,232,39,4970,66,1041
"합계",중랑구,소계,5552,9613,11680,124075,-,-,5501,5501,3,781,48,3331,27,747,4568,11417,4129,82077,2956,29834
"합계",중랑구,면목2동,354,884,879,5494,-,-,350,350,1,129,3,405,-,-,346,693,266,3418,267,1383
"합계",중랑구,면목4동,239,553,561,4158,-,-,235,235,-,-,4,318,1,13,263,643,166,2618,131,884
"합계",중랑구,면목5동,255,900,473,6044,-,-,252,252,1,567,2,81,-,-,238,393,156,4086,79,1565
"합계",중랑구,면목본동,514,696,1198,7364,-,-,510,510,-,-,4,186,4,65,508,1476,444,4100,242,1723
"합계",중랑구,면목7동,221,245,613,6522,-,-,220,220,-,-,1,25,1,51,282,753,166,4617,164,1101
"합계",중랑구,면목3.8동,376,629,848,6298,-,-,373,373,-,-,3,256,3,172,449,1109,210,3254,186,1763
"합계",중랑구,상봉1동,167,197,499,9494,-,-,166,166,-,-,1,31,-,-,94,174,287,8237,118,1083
"합계",중랑구,상봉2동,332,361,913,6997,-,-,331,331,-,-,1,30,3,118,275,891,277,2414,358,3574
"합계",중랑구,중화1동,240,493,695,5418,-,-,238,238,-,-,2,255,1,-,208,474,374,4206,112,738
"합계",중랑구,중화2동,696,1436,872,5326,-,-,690,690,-,-,6,746,5,73,231,373,438,3666,198,1214
"합계",중랑구,묵1동,460,526,1036,14398,-,-,455,455,-,-,5,71,-,-,476,1286,397,11453,163,1659
"합계",중랑구,묵2동,506,531,809,5660,-,-,505,505,-,-,1,26,-,-,362,821,260,3792,187,1047
"합계",중랑구,망우본동,557,1101,985,13810,-,-,548,548,-,-,9,553,7,162,310,820,314,7093,354,5735
"합계",중랑구,망우3동,281,439,742,3513,-,-,277,277,-,-,4,162,1,10,383,1121,210,1553,148,829
"합계",중랑구,신내1동,318,318,479,16961,-,-,318,318,-,-,-,-,1,83,99,329,156,12450,223,4099
"합계",중랑구,신내2동,36,304,78,6618,-,-,33,33,1,85,2,186,-,-,44,61,8,5120,26,1437
"합계",성북구,소계,246,6278,10701,164278,1,26,125,4241,1,21,119,1990,37,879,3931,10927,3278,98431,3455,54041
"합계",성북구,성북동,26,566,948,5656,1,26,16,408,-,-,9,132,3,26,495,1545,215,2003,235,2082
"합계",성북구,삼선동,18,747,909,14784,-,-,9,428,-,-,9,319,6,76,248,683,211,4512,444,9513
"합계",성북구,동선동,14,384,796,6478,-,-,8,346,-,-,6,38,5,72,263,825,166,2072,362,3509
"합계",성북구,돈암1동,2,17,76,5822,-,-,2,17,-,-,-,-,-,-,20,97,31,5332,25,393
"합계",성북구,돈암2동,-,-,63,9933,-,-,-,-,-,-,-,-,-,-,12,79,42,9612,9,242
"합계",성북구,안암동,14,343,731,10130,-,-,8,288,-,-,6,55,-,-,196,601,105,1611,430,7918
"합계",성북구,보문동,12,329,388,3385,-,-,8,283,-,-,4,46,-,-,128,379,97,1622,163,1384
"합계",성북구,정릉1동,9,186,293,6106,-,-,5,165,-,-,4,21,1,16,103,285,88,5277,101,528
"합계",성북구,정릉2동,9,237,642,7866,-,-,5,196,-,-,4,41,1,15,143,922,382,5473,116,1456
"합계",성북구,정릉3동,18,352,677,5687,-,-,8,189,-,-,10,163,6,53,312,937,211,1998,148,2699
"합계",성북구,정릉4동,8,215,603,8765,-,-,5,141,-,-,3,74,1,11,173,473,302,7115,127,1166
"합계",성북구,길음1동,3,18,152,13677,-,-,2,14,-,-,1,4,1,17,50,95,32,12747,69,818
"합계",성북구,길음2동,4,58,187,11432,-,-,3,45,-,-,1,13,3,493,84,174,19,6423,81,4342
"합계",성북구,종암동,19,483,805,12797,-,-,8,361,1,21,10,101,2,20,307,875,264,9563,232,2339
"합계",성북구,월곡1동,17,414,425,9286,-,-,7,209,-,-,10,205,-,-,161,316,97,4653,167,4317
"합계",성북구,월곡2동,16,377,633,8407,-,-,10,230,-,-,6,147,3,33,316,622,88,4194,226,3558
"합계",성북구,장위1동,19,474,898,4387,-,-,3,259,-,-,16,215,1,7,317,706,449,2991,131,683
"합계",성북구,장위2동,11,218,606,3170,-,-,6,122,-,-,5,96,1,13,245,471,193,1661,167,1025
"합계",성북구,장위3동,5,248,148,7081,-,-,2,113,-,-,3,135,1,13,46,106,44,3819,57,3143
"합계",성북구,석관동,22,612,721,9429,-,-,10,427,-,-,12,185,2,14,312,736,242,5753,165,2926
"합계",강북구,소계,2498,5012,11706,93411,1,16,2471,2863,-,-,26,2133,22,453,5916,12055,3598,60164,2170,20739
"합계",강북구,삼양동,82,412,686,7747,-,-,76,76,-,-,6,336,-,-,252,502,314,6301,120,944
"합계",강북구,미아동,289,452,985,7098,-,-,287,287,-,-,2,165,-,-,533,1045,268,2855,184,3198
"합계",강북구,송중동,207,462,1102,8905,-,-,203,282,-,-,4,180,1,21,675,1370,203,4998,223,2516
"합계",강북구,송천동,256,486,984,6659,1,16,254,366,-,-,1,104,7,154,535,964,228,3706,214,1835
"합계",강북구,삼각산동,25,25,44,12861,-,-,25,25,-,-,-,-,1,10,9,16,7,12443,27,392
"합계",강북구,번1동,205,389,1079,6268,-,-,204,204,-,-,1,185,3,72,670,1181,182,2394,224,2621
"합계",강북구,번2동,158,366,497,3987,-,-,156,156,-,-,2,210,-,-,295,758,132,2320,70,909
"합계",강북구,번3동,4,4,129,4839,-,-,4,4,-,-,-,-,1,1,16,48,46,3840,66,950
"합계",강북구,수유1동,158,537,1040,5586,-,-,154,232,-,-,4,305,1,34,450,869,404,3186,185,1497
"합계",강북구,수유2동,282,375,867,6827,-,-,281,313,-,-,1,62,-,-,358,825,337,5119,172,883
"합계",강북구,수유3동,206,264,1340,7092,-,-,206,264,-,-,-,-,4,52,695,1399,356,3240,285,2401
"합계",강북구,우이동,281,552,1194,6197,-,-,279,312,-,-,2,240,4,109,551,1216,470,4092,169,780
"합계",강북구,인수동,345,688,1759,9345,-,-,342,342,-,-,3,346,-,-,877,1862,651,5670,231,1813
"합계",도봉구,소계,469,5684,10663,115399,-,-,401,2830,3,606,65,2248,22,336,5127,8442,3302,78293,2212,28328
"합계",도봉구,창1동,16,196,410,7383,-,-,13,77,-,-,3,119,1,7,182,309,123,5800,104,1267
"합계",도봉구,창2동,35,330,1054,10489,-,-,30,194,-,-,5,136,1,11,357,716,488,6938,208,2824
"합계",도봉구,창3동,26,335,855,3402,-,-,20,222,-,-,6,113,2,18,538,743,188,2098,127,543
"합계",도봉구,창4동,9,558,102,13569,-,-,7,103,-,-,2,455,-,-,3,11,18,9377,81,4181
"합계",도봉구,창5동,19,218,471,11169,-,-,17,103,1,106,1,9,-,-,118,247,164,8005,189,2917
"합계",도봉구,도봉1동,68,1018,1511,8066,-,-,61,407,1,358,6,253,8,114,756,1310,446,3869,301,2773
"합계",도봉구,도봉2동,19,762,389,10218,-,-,7,124,1,142,11,496,-,-,206,335,69,7414,114,2469
"합계",도봉구,쌍문1동,46,498,992,7551,-,-,41,428,-,-,5,70,2,20,457,867,397,4924,136,1740
"합계",도봉구,쌍문2동,49,356,823,6723,-,-,42,185,-,-,7,171,1,44,344,598,313,4570,165,1511
"합계",도봉구,쌍문3동,27,199,929,5641,-,-,24,139,-,-,3,60,2,54,515,719,260,3618,152,1250
"합계",도봉구,쌍문4동,18,184,158,4792,-,-,16,142,-,-,2,42,1,20,50,100,77,3956,30,716
"합계",도봉구,방학1동,70,430,1269,13828,-,-,67,399,-,-,3,31,-,-,690,1183,275,8393,304,4252
"합계",도봉구,방학2동,60,476,1537,5690,-,-,51,218,-,-,9,258,2,16,882,1229,434,3534,219,911
"합계",도봉구,방학3동,7,124,163,6878,-,-,5,89,-,-,2,35,2,32,29,75,50,5797,82,974
"합계",노원구,소계,206,4142,5644,176189,1,22,152,1966,2,100,51,2054,23,1125,1806,6220,1826,127170,1989,41674
"합계",노원구,월계1동,14,405,502,8609,-,-,9,130,1,70,4,205,2,173,134,360,215,5686,151,2390
"합계",노원구,월계2동,5,146,142,9053,-,-,1,10,1,30,3,106,1,58,46,106,46,7576,49,1313
"합계",노원구,월계3동,1,2,62,11407,-,-,1,2,-,-,-,-,2,42,24,196,13,8593,23,2576
"합계",노원구,공릉1동,44,430,1104,13560,-,-,39,371,-,-,5,59,2,18,395,1096,369,9525,338,2921
"합계",노원구,공릉2동,21,337,610,19255,-,-,19,177,-,-,2,160,1,50,302,775,142,12418,165,6012
"합계",노원구,하계1동,12,376,347,10271,-,-,8,109,-,-,4,267,-,-,141,418,84,6714,122,3139
"합계",노원구,하계2동,1,6,49,5310,-,-,1,6,-,-,-,-,1,6,33,62,6,5076,9,166
"합계",노원구,중계본동,7,125,258,8843,-,-,6,119,-,-,1,6,2,34,31,89,129,6965,96,1755
"합계",노원구,중계1동,2,67,63,9481,-,-,2,67,-,-,-,-,-,-,2,29,15,7576,46,1876
"합계",노원구,중계4동,5,117,154,6164,-,-,2,15,-,-,3,102,-,-,28,162,39,5035,87,967
"합계",노원구,중계2.3동,4,210,75,9218,-,-,2,-,-,-,2,210,-,-,40,128,9,5930,26,3160
"합계",노원구,상계1동,20,530,592,14110,-,-,14,312,-,-,6,218,4,91,137,475,212,10677,239,2867
"합계",노원구,상계2동,15,310,388,8487,-,-,7,114,-,-,8,196,1,14,87,366,112,5046,188,3061
"합계",노원구,상계3.4동,25,411,507,9086,1,22,16,162,-,-,8,227,2,26,149,623,246,7556,110,881
"합계",노원구,상계5동,10,139,541,4473,-,-,6,73,-,-,4,66,1,16,225,825,166,2830,149,802
"합계",노원구,상계6.7동,11,429,140,11808,-,-,10,197,-,-,1,232,1,496,2,217,10,7038,127,4057
"합계",노원구,상계8동,2,26,36,4747,-,-,2,26,-,-,-,-,1,17,8,40,4,4222,23,468
"합계",노원구,상계9동,2,23,32,5892,-,-,2,23,-,-,-,-,1,57,4,170,3,3034,24,2631
"합계",노원구,상계10동,5,53,42,6415,-,-,5,53,-,-,-,-,1,27,18,83,6,5673,17,632
"합계",은평구,소계,152,5001,18839,191974,1,14,109,2564,1,399,41,2024,38,831,7310,14190,8176,136853,3315,40100
"합계",은평구,녹번동,11,366,1390,13809,-,-,6,140,-,-,5,226,1,20,335,727,782,10173,272,2889
"합계",은평구,불광1동,11,295,1053,12909,-,-,7,196,-,-,4,99,4,42,350,643,522,10029,177,2195
"합계",은평구,불광2동,12,460,1726,7882,-,-,6,118,-,-,6,342,2,33,948,1794,638,4872,138,1183
"합계",은평구,갈현1동,6,123,1513,6812,-,-,6,123,-,-,-,-,2,44,661,982,588,4135,262,1651
"합계",은평구,갈현2동,10,256,1661,9905,-,-,9,220,-,-,1,36,1,13,652,1205,748,7074,260,1613
"합계",은평구,구산동,11,310,1422,10752,-,-,8,217,-,-,3,93,-,-,527,1105,734,7953,161,1694
"합계",은평구,대조동,9,155,1425,9624,-,-,7,106,-,-,2,49,7,109,501,973,646,5889,271,2653
"합계",은평구,응암1동,9,243,958,15828,-,-,7,153,-,-,2,90,5,89,296,644,438,11219,219,3876
"합계",은평구,응암2동,7,120,292,9938,-,-,6,99,-,-,1,21,-,-,120,224,108,9164,64,550
"합계",은평구,응암3동,14,566,1142,6241,-,-,11,316,-,-,3,250,5,129,453,952,426,3425,258,1735
"합계",은평구,역촌동,19,485,2578,15379,1,14,15,365,-,-,3,106,1,16,932,2084,1277,10784,368,2495
"합계",은평구,신사1동,7,241,1147,8752,-,-,5,118,-,-,2,123,1,10,374,804,608,6912,164,1026
"합계",은평구,신사2동,6,271,938,5335,-,-,3,49,-,-,3,222,-,-,451,793,303,3819,184,723
"합계",은평구,증산동,13,375,678,8424,-,-,9,283,-,-,4,92,2,11,342,591,223,5041,111,2781
"합계",은평구,수색동,5,172,274,10338,-,-,4,61,-,-,1,111,4,204,60,133,76,8807,134,1194
"합계",은평구,진관동,2,563,642,40046,-,-,-,-,1,399,1,164,3,111,308,536,59,27557,272,11842
"합계",서대문구,소계,611,5340,12142,137584,1,7,535,3782,1,27,74,1524,-,-,5811,11251,3642,77983,2689,48350
"합계",서대문구,천연동,9,163,233,5087,-,-,6,21,-,-,3,142,-,-,124,158,54,4091,55,838
"합계",서대문구,북아현동,15,235,222,5868,-,-,12,70,-,-,3,165,-,-,103,189,42,3310,77,2369
"합계",서대문구,충현동,44,462,866,11120,-,-,38,315,1,27,5,120,-,-,382,652,257,4899,227,5569
"합계",서대문구,신촌동,38,281,1365,27740,-,-,32,216,-,-,6,65,-,-,561,1693,248,3001,556,23046
"합계",서대문구,연희동,160,1363,2469,12337,-,-,151,1195,-,-,9,168,-,-,1390,2599,532,6060,547,3678
"합계",서대문구,홍제1동,49,439,679,8906,-,-,46,400,-,-,3,39,-,-,279,714,272,6336,128,1856
"합계",서대문구,홍제3동,29,320,589,4304,-,-,22,247,-,-,7,73,-,-,286,439,161,2866,142,999
"합계",서대문구,홍제2동,7,47,241,5908,-,-,6,30,-,-,1,17,-,-,104,176,76,5432,61,300
"합계",서대문구,홍은1동,42,482,361,6520,-,-,27,240,-,-,15,242,-,-,156,236,110,5850,95,434
"합계",서대문구,홍은2동,43,347,1584,11887,-,-,34,126,-,-,9,221,-,-,732,1283,613,7143,239,3461
"합계",서대문구,남가좌1동,6,60,50,5197,-,-,5,28,-,-,1,32,-,-,6,8,16,4576,28,613
"합계",서대문구,남가좌2동,43,431,1119,14207,-,-,38,254,-,-,5,177,-,-,613,1128,285,11383,221,1696
"합계",서대문구,북가좌1동,23,220,415,10136,-,-,23,220,-,-,-,-,-,-,192,424,136,7190,87,2522
"합계",서대문구,북가좌2동,103,490,1949,8367,1,7,95,420,-,-,7,63,-,-,883,1552,840,5846,226,969
"합계",마포구,소계,54,6838,13224,192800,-,-,29,3884,1,20,24,2934,41,1410,4091,11186,4029,97600,5063,82604
"합계",마포구,아현동,3,172,130,13994,-,-,2,41,-,-,1,131,3,21,27,55,28,10119,72,3799
"합계",마포구,공덕동,3,436,617,14301,-,-,1,301,-,-,2,135,2,37,226,567,176,8669,213,5028
"합계",마포구,도화동,2,125,307,8801,-,-,1,62,-,-,1,63,2,260,113,258,89,6095,103,2188
"합계",마포구,용강동,2,191,375,12532,-,-,2,191,-,-,-,-,3,209,78,240,110,7495,184,4588
"합계",마포구,대흥동,5,365,485,6758,-,-,2,45,-,-,3,320,6,145,137,315,100,3362,242,2936
"합계",마포구,염리동,4,377,245,5239,-,-,1,68,-,-,3,309,3,36,69,154,102,3981,71,1068
"합계",마포구,신수동,2,169,628,9288,-,-,1,154,-,-,1,15,-,-,221,559,193,6820,214,1909
"합계",마포구,서강동,1,167,887,12542,-,-,1,167,-,-,-,-,1,13,268,718,275,8443,343,3368
"합계",마포구,서교동,5,622,2844,23820,-,-,5,622,-,-,-,-,14,457,734,2377,474,6366,1622,14620
"합계",마포구,합정동,4,639,1222,10231,-,-,3,515,-,-,1,124,4,103,313,746,494,5510,411,3872
"합계",마포구,망원1동,8,736,1023,6441,-,-,4,317,-,-,4,419,1,6,323,821,446,3653,253,1961
"합계",마포구,망원2동,4,357,819,6684,-,-,1,260,1,20,2,77,-,-,253,679,344,4536,222,1469
"합계",마포구,연남동,3,508,1259,6587,-,-,2,412,-,-,1,96,-,-,508,1421,365,3284,386,1882
"합계",마포구,성산1동,2,528,1294,7667,-,-,1,336,-,-,1,192,1,27,414,1155,525,4070,354,2415
"합계",마포구,성산2동,2,402,655,16912,-,-,1,345,-,-,1,57,-,-,230,584,234,6223,191,10105
"합계",마포구,상암동,4,1044,434,31003,-,-,1,48,-,-,3,996,1,96,177,537,74,8974,182,21396
"합계",양천구,소계,497,7201,10290,160581,-,-,434,2662,4,228,59,4311,11,657,3130,7225,4367,115445,2782,37254
"합계",양천구,목1동,13,1466,236,20837,-,-,10,118,-,-,3,1348,-,-,38,65,49,11917,149,8855
"합계",양천구,목2동,31,281,1230,9996,-,-,26,131,-,-,5,150,1,79,342,924,707,7693,180,1300
"합계",양천구,목3동,11,296,876,8432,-,-,7,46,-,-,4,250,2,96,276,752,416,5934,182,1650
"합계",양천구,목4동,29,163,1048,8257,-,-,27,127,-,-,2,36,-,-,343,788,456,6163,249,1306
"합계",양천구,목5동,10,335,49,13390,-,-,3,59,2,103,5,173,-,-,-,-,13,9626,36,3764
"합계",양천구,신월1동,81,1073,1048,6142,-,-,76,442,-,-,5,631,2,220,442,815,332,3571,272,1536
"합계",양천구,신월2동,54,295,498,7301,-,-,52,218,-,-,2,77,1,45,104,316,257,6056,136,884
"합계",양천구,신월3동,30,615,504,3305,-,-,24,132,-,-,6,483,1,70,204,348,177,1726,122,1161
"합계",양천구,신월4동,28,155,422,6128,-,-,27,109,1,46,-,-,1,4,96,274,230,5134,95,716
"합계",양천구,신월5동,43,241,611,5122,-,-,40,216,-,-,3,25,-,-,216,479,242,3216,153,1427
"합계",양천구,신월6동,14,88,141,6014,-,-,12,52,-,-,2,36,-,-,9,17,72,5331,60,666
"합계",양천구,신월7동,6,388,573,4024,-,-,-,-,-,-,6,388,-,-,28,86,369,2617,176,1321
"합계",양천구,신정1동,3,166,212,5901,-,-,1,138,-,-,2,28,1,18,56,98,39,4606,116,1179
"합계",양천구,신정2동,22,186,243,6364,-,-,22,186,-,-,-,-,-,-,51,103,54,5164,138,1097
"합계",양천구,신정3동,26,345,499,18777,-,-,24,160,-,-,2,185,-,-,206,412,165,16242,128,2123
"합계",양천구,신정4동,82,558,1954,12742,-,-,79,389,1,79,2,90,-,-,699,1691,754,7114,501,3937
"합계",양천구,신정6동,6,327,43,8878,-,-,3,122,-,-,3,205,2,125,3,18,7,5557,31,3178
"합계",양천구,신정7동,8,223,103,8971,-,-,1,17,-,-,7,206,-,-,17,39,28,7778,58,1154
"합계",강서구,소계,57,7849,18799,338761,-,-,27,3891,10,1339,20,2619,21,1016,6732,15460,7594,153153,4452,169132
"합계",강서구,염창동,1,90,418,20291,-,-,1,90,-,-,-,-,-,-,33,142,157,12438,228,7711
"합계",강서구,등촌1동,1,88,482,13112,-,-,1,88,-,-,-,-,-,-,103,289,146,4312,233,8511
"합계",강서구,등촌2동,2,218,815,9583,-,-,1,108,-,-,1,110,-,-,333,910,358,6938,124,1735
"합계",강서구,등촌3동,3,148,226,16804,-,-,3,148,-,-,-,-,2,144,6,37,36,7806,182,8817
"합계",강서구,화곡1동,7,1220,2662,19910,-,-,3,514,-,-,4,706,1,10,843,1722,1256,13168,562,5010
"합계",강서구,화곡2동,3,504,1093,6152,-,-,2,446,-,-,1,58,-,-,382,731,571,4288,140,1133
"합계",강서구,화곡3동,2,284,836,9690,-,-,1,185,-,-,1,99,-,-,383,824,297,7357,156,1509
"합계",강서구,화곡4동,2,410,1430,8089,-,-,1,208,-,-,1,202,-,-,657,1322,544,5051,229,1716
"합계",강서구,화곡본동,3,308,2008,12579,-,-,1,110,-,-,2,198,-,-,569,1293,1164,8491,275,2795
"합계",강서구,화곡6동,6,911,1180,14153,-,-,3,353,-,-,3,558,2,52,431,1006,427,7408,320,5687
"합계",강서구,화곡8동,4,524,1382,8055,-,-,1,104,-,-,3,420,1,12,444,983,807,6042,130,1018
"합계",강서구,가양1동,3,336,512,62587,-,-,1,96,1,38,1,202,2,456,46,176,91,11511,373,50444
"합계",강서구,가양2동,3,274,37,5027,-,-,1,139,2,135,-,-,-,-,-,-,7,3278,30,1749
"합계",강서구,가양3동,1,86,37,5435,-,-,1,86,-,-,-,-,-,-,-,-,10,3012,27,2423
"합계",강서구,발산1동,1,194,787,33142,-,-,1,194,-,-,-,-,1,4,198,492,308,9578,280,23068
"합계",강서구,우장산동,4,246,948,19944,-,-,1,180,-,-,3,66,1,11,360,929,384,15634,203,3370
"합계",강서구,공항동,2,302,1447,29601,-,-,1,291,1,11,-,-,3,59,826,2258,343,6357,275,20927
"합계",강서구,방화1동,2,369,1065,19784,-,-,1,171,1,198,-,-,4,185,444,964,302,9379,315,9256
"합계",강서구,방화2동,3,1039,1195,16427,-,-,1,236,2,803,-,-,4,83,580,1147,307,4932,304,10265
"합계",강서구,방화3동,4,298,239,8396,-,-,1,144,3,154,-,-,-,-,94,235,79,6173,66,1988
"합계",구로구,소계,283,5306,8002,190599,4,128,240,2461,4,581,35,2136,37,1013,3568,7802,2475,103299,1922,78485
"합계",구로구,신도림동,11,146,186,20481,-,-,11,146,-,-,-,-,1,52,72,139,35,11792,78,8498
"합계",구로구,구로1동,9,114,41,4118,-,-,9,114,-,-,-,-,-,-,-,-,12,2158,29,1960
"합계",구로구,구로2동,33,567,831,15485,1,18,28,343,-,-,4,206,5,65,589,1079,19,3664,218,10677
"합계",구로구,구로3동,3,122,345,25038,-,-,1,11,1,91,1,20,1,65,26,112,55,4308,263,20553
"합계",구로구,구로4동,20,784,161,3774,1,31,14,168,2,163,3,422,3,155,60,160,31,2196,67,1263
"합계",구로구,구로5동,33,749,679,18701,-,-,30,377,-,-,3,372,3,88,384,711,95,8630,197,9272
"합계",구로구,가리봉동,8,308,353,2894,-,-,4,52,-,-,4,256,4,117,176,379,104,1088,69,1310
"합계",구로구,고척1동,9,192,382,15310,-,-,8,67,-,-,1,125,1,56,176,363,93,6339,112,8552
"합계",구로구,고척2동,26,475,868,12024,-,-,19,144,-,-,7,331,-,-,567,1333,194,9442,107,1249
"합계",구로구,개봉1동,59,599,805,11654,-,-,54,386,-,-,5,213,1,5,369,825,303,9590,132,1234
"합계",구로구,개봉2동,14,120,779,12160,-,-,13,100,-,-,1,20,3,45,260,483,422,10635,94,997
"합계",구로구,개봉3동,23,315,806,6691,-,-,21,288,-,-,2,27,-,-,332,809,407,5230,67,652
"합계",구로구,오류1동,7,118,566,10783,-,-,5,15,-,-,2,103,5,60,205,406,204,5195,152,5122
"합계",구로구,오류2동,10,416,477,15043,-,-,9,89,1,327,-,-,8,284,185,469,155,11958,129,2332
"합계",구로구,수궁동,18,281,617,7637,2,79,14,161,-,-,2,41,2,21,138,388,309,4631,168,2597
"합계",구로구,항동,-,-,106,8806,-,-,-,-,-,-,-,-,-,-,29,146,37,6443,40,2217
"합계",금천구,소계,78,3976,8704,157813,2,58,16,1857,1,128,59,1933,16,316,3719,8351,2730,75250,2239,73896
"합계",금천구,가산동,9,689,784,71992,1,37,4,258,-,-,4,394,-,-,91,188,310,28859,383,42945
"합계",금천구,독산1동,8,449,997,28473,1,21,4,343,-,-,3,85,1,9,201,508,293,14546,502,13410
"합계",금천구,독산2동,8,438,1084,4952,-,-,1,174,-,-,7,264,1,12,603,1270,323,2478,157,1192
"합계",금천구,독산3동,9,460,1297,9317,-,-,1,257,-,-,8,203,3,53,581,1399,443,5053,270,2812
"합계",금천구,독산4동,5,280,1075,5034,-,-,1,171,-,-,4,109,3,97,624,1386,273,2239,175,1312
"합계",금천구,시흥1동,6,414,1254,13986,-,-,1,174,-,-,5,240,2,22,607,1340,304,7081,341,5543
"합계",금천구,시흥2동,3,73,104,7507,-,-,1,15,-,-,2,58,-,-,38,56,26,5344,40,2107
"합계",금천구,시흥3동,2,127,483,6174,-,-,1,83,-,-,1,44,2,75,140,525,212,2799,129,2775
"합계",금천구,시흥4동,14,660,895,5964,-,-,1,191,1,128,12,341,1,16,469,1066,322,4034,103,848
"합계",금천구,시흥5동,14,386,731,4414,-,-,1,191,-,-,13,195,3,32,365,613,224,2817,139,952
"합계",영등포구,소계,4465,9074,8147,196886,8,221,4425,4879,3,943,29,3031,22,858,4108,9195,1695,84651,2322,102182
"합계",영등포구,영등포본동,313,664,313,6413,-,-,310,310,-,-,3,354,3,63,115,281,131,4043,64,2026
"합계",영등포구,영등포동,282,1261,517,18955,-,-,276,299,1,570,5,392,13,515,42,180,82,4160,380,14100
"합계",영등포구,여의동,275,800,232,48399,3,143,272,657,-,-,-,-,-,-,-,-,26,10912,206,37487
"합계",영등포구,당산1동,306,1081,304,9443,-,-,300,300,2,373,4,408,1,84,60,227,60,4341,183,4791
"합계",영등포구,당산2동,147,197,347,15710,1,23,145,145,-,-,1,29,1,84,67,301,98,10283,181,5042
"합계",영등포구,도림동,210,236,562,6108,-,-,209,209,-,-,1,27,1,50,306,609,151,3489,104,1960
"합계",영등포구,문래동,437,528,198,18429,1,11,435,467,-,-,1,50,-,-,4,17,38,8896,156,9516
"합계",영등포구,양평1동,345,736,264,10217,-,-,344,344,-,-,1,392,-,-,56,357,44,3327,164,6533
"합계",영등포구,양평2동,303,400,369,12402,1,6,301,301,-,-,1,93,-,-,73,278,146,5855,150,6269
"합계",영등포구,신길1동,184,352,718,5616,-,-,182,196,-,-,2,156,2,48,475,1050,148,2908,93,1610
"합계",영등포구,신길3동,138,277,242,4956,-,-,137,137,-,-,1,140,-,-,144,336,44,3614,54,1006
"합계",영등포구,신길4동,52,203,131,2734,-,-,50,50,-,-,2,153,-,-,74,173,30,2176,27,385
"합계",영등포구,신길5동,179,204,439,3507,-,-,178,178,-,-,1,26,-,-,324,564,76,1126,39,1817
"합계",영등포구,신길6동,194,194,514,8153,-,-,194,194,-,-,-,-,1,14,211,492,182,3161,120,4486
"합계",영등포구,신길7동,108,143,177,8239,1,20,106,106,-,-,1,17,-,-,94,264,32,6618,51,1357
"합계",영등포구,대림1동,63,414,851,5390,-,-,61,61,-,-,2,353,-,-,674,1302,98,2823,79,1265
"합계",영등포구,대림2동,163,313,1148,4658,-,-,162,162,-,-,1,151,-,-,953,1664,114,2194,81,800
"합계",영등포구,대림3동,766,1071,821,7557,1,18,763,763,-,-,2,290,-,-,436,1100,195,4725,190,1732
"합계",동작구,소계,134,3332,8793,133896,-,-,80,2062,1,61,53,1209,22,528,3951,9155,3130,98837,1690,25376
"합계",동작구,노량진1동,8,87,463,11896,-,-,4,48,-,-,4,39,2,43,127,260,86,7247,248,4346
"합계",동작구,노량진2동,7,209,141,2766,-,-,4,108,-,-,3,101,1,31,56,137,38,308,46,2290
"합계",동작구,상도1동,6,142,828,15956,-,-,5,138,-,-,1,4,-,-,162,363,352,12732,314,2861
"합계",동작구,상도2동,9,103,423,12752,-,-,7,96,-,-,2,7,2,45,145,314,166,11122,110,1271
"합계",동작구,상도3동,14,319,899,5618,-,-,6,133,-,-,8,186,4,123,378,755,439,4161,78,579
"합계",동작구,상도4동,8,355,1037,7437,-,-,3,206,-,-,5,149,2,30,485,952,479,5968,71,487
"합계",동작구,흑석동,9,139,408,17191,-,-,4,26,-,-,5,113,4,149,244,630,87,13391,73,3021
"합계",동작구,사당1동,9,241,763,5488,-,-,5,166,-,-,4,75,2,43,242,484,336,2945,183,2016
"합계",동작구,사당2동,11,265,531,8713,-,-,7,87,-,-,4,178,-,-,277,684,130,6962,124,1067
"합계",동작구,사당3동,6,200,471,8993,-,-,5,185,-,-,1,15,1,12,296,767,118,7243,56,971
"합계",동작구,사당4동,10,355,525,3381,-,-,2,216,-,-,8,139,1,28,243,515,235,2626,46,212
"합계",동작구,사당5동,7,249,604,4956,-,-,6,203,-,-,1,46,-,-,453,1289,112,3453,39,214
"합계",동작구,대방동,15,269,812,11324,-,-,12,217,-,-,3,52,3,24,338,879,299,8127,172,2294
"합계",동작구,신대방1동,7,216,451,5873,-,-,4,131,-,-,3,85,-,-,307,660,89,4609,55,604
"합계",동작구,신대방2동,8,183,437,11552,-,-,6,102,1,61,1,20,-,-,198,466,164,7943,75,3143
"합계",관악구,소계,74,7080,21144,149564,1,59,31,4620,2,91,40,2310,26,681,11283,24974,4734,80823,5101,43086
"합계",관악구,보라매동,3,421,1162,8309,-,-,1,131,-,-,2,290,1,19,666,1574,336,4802,159,1914
"합계",관악구,청림동,1,64,106,4147,-,-,1,64,-,-,-,-,1,15,53,125,29,3772,23,235
"합계",관악구,성현동,1,53,375,11804,-,-,1,53,-,-,-,-,3,56,129,340,158,10637,85,771
"합계",관악구,행운동,2,297,1251,8831,-,-,1,156,-,-,1,141,1,23,693,1572,258,4810,299,2426
"합계",관악구,낙성대동,5,330,841,7138,-,-,3,252,-,-,2,78,1,65,426,1064,134,2160,280,3849
"합계",관악구,청룡동,4,507,1235,9907,-,-,1,309,-,-,3,198,2,62,648,1447,208,3336,377,5062
"합계",관악구,은천동,3,428,1078,10722,-,-,1,391,-,-,2,37,1,42,486,1125,355,7881,236,1674
"합계",관악구,중앙동,2,191,677,4567,-,-,1,185,-,-,1,6,-,-,340,734,166,1832,171,2001
"합계",관악구,인헌동,4,350,1222,6523,-,-,2,337,-,-,2,13,-,-,536,1340,432,3639,254,1544
"합계",관악구,남현동,3,352,841,7326,-,-,1,229,-,-,2,123,1,63,372,952,297,4018,171,2293
"합계",관악구,서원동,2,144,1258,6998,-,-,2,144,-,-,-,-,1,45,691,1732,359,2998,207,2223
"합계",관악구,신원동,4,203,1154,3607,-,-,2,172,-,-,2,31,2,45,811,1587,177,1244,164,731
"합계",관악구,서림동,2,202,1142,5769,-,-,1,190,-,-,1,12,-,-,573,1336,197,2292,372,2141
"합계",관악구,신사동,7,600,2055,6315,-,-,2,335,1,60,4,205,1,20,1542,2974,231,1813,281,1508
"합계",관악구,신림동,5,541,1078,6500,1,59,3,295,-,-,1,187,2,44,332,893,181,1652,563,3911
"합계",관악구,난향동,3,186,266,5409,-,-,1,152,-,-,2,34,-,-,163,242,66,4726,37,441
"합계",관악구,조원동,5,491,1172,7084,-,-,2,335,1,31,2,125,2,45,702,1537,168,2611,300,2891
"합계",관악구,대학동,2,186,1314,7469,-,-,1,181,-,-,1,5,1,18,533,1244,91,2103,689,4104
"합계",관악구,삼성동,5,426,393,5542,-,-,2,111,-,-,3,315,2,48,225,346,94,4549,72,599
"합계",관악구,미성동,6,482,1374,9745,-,-,1,320,-,-,5,162,2,41,756,1512,370,6287,246,1905
"합계",관악구,난곡동,5,626,1150,5852,-,-,1,278,-,-,4,348,2,30,606,1298,427,3661,115,863
"합계",서초구,소계,675,8402,13827,305204,1,47,647,4601,2,1369,25,2385,60,3689,3896,13242,3739,134521,6132,153752
"합계",서초구,서초1동,68,608,1044,19168,-,-,66,514,-,-,2,94,3,74,345,1178,184,8036,512,9880
"합계",서초구,서초2동,12,183,488,28139,-,-,12,183,-,-,-,-,2,908,87,297,71,6465,328,20469
"합계",서초구,서초3동,62,397,1589,38166,-,-,62,397,-,-,-,-,15,692,271,1123,416,14661,887,21690
"합계",서초구,서초4동,2,4,249,21060,-,-,2,4,-,-,-,-,2,173,18,85,23,14209,206,6593
"합계",서초구,잠원동,22,234,587,13783,-,-,21,142,-,-,1,92,1,24,145,581,96,6715,345,6463
"합계",서초구,반포본동,-,-,9,660,-,-,-,-,-,-,-,-,1,16,-,-,-,-,8,644
"합계",서초구,반포1동,37,331,784,16915,-,-,35,192,-,-,2,139,-,-,332,1436,201,9762,251,5717
"합계",서초구,반포2동,1,162,21,9329,-,-,-,-,-,-,1,162,1,20,-,-,5,5479,15,3830
"합계",서초구,반포3동,2,9,52,10808,-,-,2,9,-,-,-,-,1,26,3,38,15,3676,33,7068
"합계",서초구,반포4동,33,1678,742,20052,-,-,28,179,1,1186,4,313,14,1220,114,513,338,7447,276,10872
"합계",서초구,방배본동,46,544,810,11983,1,47,44,345,-,-,1,152,4,96,278,871,245,6633,283,4383
"합계",서초구,방배1동,33,292,956,9396,-,-,32,172,-,-,1,120,-,-,348,1196,308,5463,300,2737
"합계",서초구,방배2동,36,746,1084,8960,-,-,34,514,1,183,1,49,-,-,505,1444,262,4124,317,3392
"합계",서초구,방배3동,31,209,774,13488,-,-,31,209,-,-,-,-,-,-,249,299,292,8317,233,4872
"합계",서초구,방배4동,55,537,1258,12921,-,-,54,428,-,-,1,109,3,75,402,1162,419,8352,434,3332
"합계",서초구,양재1동,101,793,1338,30989,-,-,100,618,-,-,1,175,3,49,339,1247,342,16104,654,13589
"합계",서초구,양재2동,131,1509,1525,28194,-,-,123,650,-,-,8,859,10,316,227,1046,505,4343,783,22489
"합계",서초구,내곡동,3,166,517,11193,-,-,1,45,-,-,2,121,-,-,233,726,17,4735,267,5732
"합계",강남구,소계,113,12856,23072,441580,4,95,71,7569,5,842,33,4350,153,9837,6675,22510,4363,221722,11881,187511
"합계",강남구,신사동,9,1416,1368,16820,3,56,4,833,-,-,2,527,8,599,370,979,99,6791,891,8451
"합계",강남구,논현1동,6,920,2241,21036,-,-,3,568,-,-,3,352,16,737,703,3059,461,6920,1061,10320
"합계",강남구,논현2동,5,734,2484,24583,-,-,5,734,-,-,-,-,4,272,637,2237,405,7796,1438,14278
"합계",강남구,압구정동,5,433,1085,20645,-,-,5,433,-,-,-,-,7,162,27,109,154,12043,897,8331
"합계",강남구,청담동,7,943,1678,30004,-,-,6,723,-,-,1,220,9,642,398,1217,306,14712,965,13433
"합계",강남구,삼성1동,7,512,950,24247,-,-,6,444,-,-,1,68,15,1700,274,517,150,7352,511,14678
"합계",강남구,삼성2동,4,392,1251,26548,-,-,3,302,-,-,1,90,7,356,351,1439,341,16527,552,8226
"합계",강남구,대치1동,4,102,142,14648,-,-,4,102,-,-,-,-,3,133,20,54,23,12400,96,2061
"합계",강남구,대치2동,11,1041,712,27615,1,39,7,523,1,180,2,299,10,736,102,346,109,13074,491,13459
"합계",강남구,대치4동,6,372,1456,17375,-,-,4,152,-,-,2,220,3,267,483,1751,401,7599,569,7758
"합계",강남구,역삼1동,10,1088,3374,47504,-,-,7,651,-,-,3,437,33,1201,989,4318,600,7968,1752,34017
"합계",강남구,역삼2동,5,297,1648,34591,-,-,4,278,-,-,1,19,7,196,465,1889,386,15938,790,16568
"합계",강남구,도곡1동,4,447,517,13508,-,-,3,244,-,-,1,203,2,191,87,374,121,10345,307,2598
"합계",강남구,도곡2동,2,228,398,24265,-,-,1,212,-,-,1,16,5,113,46,123,49,13622,298,10407
"합계",강남구,개포1동,2,218,31,7708,-,-,-,-,-,-,2,218,3,240,3,3,19,6453,6,1012
"합계",강남구,개포2동,1,145,229,18933,-,-,-,-,-,-,1,145,1,149,33,91,50,17659,145,1034
"합계",강남구,개포3동,2,189,47,8304,-,-,1,27,-,-,1,162,1,168,-,-,11,6789,35,1347
"합계",강남구,개포4동,4,948,1130,10488,-,-,1,630,-,-,3,318,7,390,288,660,376,7899,459,1539
"합계",강남구,세곡동,5,432,989,22129,-,-,3,222,-,-,2,210,5,347,524,1158,134,15111,326,5513
"합계",강남구,일원본동,6,712,167,13079,-,-,1,61,2,78,3,573,2,78,89,286,8,7068,68,5647
"합계",강남구,일원1동,6,688,1047,8064,-,-,2,392,1,23,3,273,4,599,750,1816,148,3645,145,2004
"합계",강남구,수서동,2,599,128,9486,-,-,1,38,1,561,-,-,1,561,36,84,12,4011,79,4830
"합계",송파구,소계,475,14624,19064,317793,1,27,449,11132,3,911,22,2554,21,1178,5673,14856,7858,180071,5512,121688
"합계",송파구,풍납1동,15,526,14,20404,-,-,12,385,-,-,3,141,2,140,2,4,3,13313,7,6947
"합계",송파구,풍납2동,19,804,995,11581,-,-,18,495,-,-,1,309,-,-,252,632,405,8042,338,2907
"합계",송파구,거여1동,18,574,1097,14234,-,-,18,574,-,-,-,-,-,-,293,615,331,6175,473,7444
"합계",송파구,거여2동,15,432,512,3833,-,-,14,309,-,-,1,123,1,11,188,530,159,2117,164,1175
"합계",송파구,마천1동,25,769,420,7261,-,-,22,393,-,-,3,376,-,-,198,260,90,3671,132,3330
"합계",송파구,마천2동,30,1105,719,4638,-,-,29,964,-,-,1,141,2,70,363,660,219,3151,135,757
"합계",송파구,방이1동,21,627,896,4657,-,-,20,567,-,-,1,60,-,-,382,703,313,2828,201,1126
"합계",송파구,방이2동,33,373,838,8513,-,-,33,373,-,-,-,-,-,-,213,569,338,6114,287,1830
"합계",송파구,오륜동,1,39,91,28571,-,-,1,39,-,-,-,-,4,596,3,8,1,4911,83,23056
"합계",송파구,오금동,31,1813,671,6696,-,-,31,1813,-,-,-,-,1,15,118,330,287,3181,265,3170
"합계",송파구,송파1동,35,656,1585,13452,-,-,33,250,-,-,2,406,3,106,406,1112,711,5632,465,6602
"합계",송파구,송파2동,11,272,1941,12164,-,-,11,272,-,-,-,-,-,-,502,1780,1101,7421,338,2963
"합계",송파구,석촌동,43,655,2226,13530,-,-,42,594,-,-,1,61,2,44,594,1776,1103,7680,527,4030
"합계",송파구,삼전동,32,738,1619,11005,-,-,30,376,-,-,2,362,2,72,488,1294,783,6351,346,3288
"합계",송파구,가락본동,26,908,464,7732,-,-,26,908,-,-,-,-,1,50,138,296,183,6144,142,1242
"합계",송파구,가락1동,-,-,1338,12979,-,-,-,-,-,-,-,-,-,-,331,963,547,7539,460,4477
"합계",송파구,가락2동,29,873,25,9702,-,-,29,873,-,-,-,-,1,43,-,-,1,7900,23,1759
"합계",송파구,문정1동,20,803,42,13863,-,-,19,513,-,-,1,290,-,-,8,9,8,10408,26,3446
"합계",송파구,문정2동,2,36,31,18099,-,-,2,36,-,-,-,-,2,31,8,13,2,14906,19,3149
"합계",송파구,장지동,19,825,26,17608,-,-,18,720,-,-,1,105,-,-,-,-,4,13119,22,4489
"합계",송파구,위례동,1,362,12,11700,-,-,-,-,1,362,-,-,-,-,-,-,1,9766,11,1934
"합계",송파구,잠실본동,37,529,37,18535,-,-,37,529,-,-,-,-,-,-,1,1,9,7487,27,11047
"합계",송파구,잠실2동,-,-,9,3654,-,-,-,-,-,-,-,-,-,-,-,-,2,1492,7,2162
"합계",송파구,잠실3동,3,46,1899,12965,-,-,-,-,-,-,3,46,-,-,601,1822,770,5945,528,5198
"합계",송파구,잠실4동,-,-,671,13736,-,-,-,-,-,-,-,-,-,-,169,444,262,8537,240,4755
"합계",송파구,잠실6동,6,682,286,3318,1,27,2,85,2,549,1,21,-,-,141,371,78,1396,67,1551
"합계",송파구,잠실7동,3,177,600,13363,-,-,2,64,-,-,1,113,-,-,274,664,147,4845,179,7854
"합계",강동구,소계,41,10340,15604,205516,-,-,23,7033,3,1539,15,1768,12,309,7941,18770,4269,113584,3382,72853
"합계",강동구,강일동,3,223,95,14582,-,-,2,133,-,-,1,90,-,-,7,78,16,12144,72,2360
"합계",강동구,상일1동,1,256,504,19346,-,-,1,256,-,-,-,-,2,52,311,796,89,9940,102,8558
"합계",강동구,상일2동,1,29,37,7770,-,-,1,29,-,-,-,-,-,-,2,17,4,3838,31,3915
"합계",강동구,명일1동,2,508,492,10817,-,-,1,267,-,-,1,241,-,-,169,577,124,4711,199,5529
"합계",강동구,명일2동,4,230,317,7165,-,-,3,218,1,12,-,-,-,-,193,698,30,3512,94,2955
"합계",강동구,고덕1동,1,256,655,11611,-,-,1,256,-,-,-,-,1,25,548,1435,43,8953,63,1198
"합계",강동구,고덕2동,2,488,1042,14940,-,-,1,462,-,-,1,26,-,-,915,2067,50,1041,77,11832
"합계",강동구,암사1동,4,667,1820,11140,-,-,2,457,1,96,1,114,-,-,920,1608,668,8021,232,1511
"합계",강동구,암사2동,1,172,344,6836,-,-,1,172,-,-,-,-,-,-,130,371,91,5046,123,1419
"합계",강동구,암사3동,1,164,296,7931,-,-,1,164,-,-,-,-,-,-,180,482,60,6702,56,747
"합계",강동구,천호1동,3,684,1329,9730,-,-,1,470,-,-,2,214,1,37,744,1762,407,5062,177,2869
"합계",강동구,천호2동,6,2772,1684,14917,-,-,2,875,1,1431,3,466,-,-,877,2195,446,6479,361,6243
"합계",강동구,천호3동,4,673,1031,11084,-,-,1,271,-,-,3,402,-,-,646,838,188,6229,197,4017
"합계",강동구,성내1동,1,690,785,9757,-,-,1,690,-,-,-,-,2,82,140,485,341,6058,302,3132
"합계",강동구,성내2동,3,646,1282,8115,-,-,1,449,-,-,2,197,2,48,673,1441,334,3857,273,2769
"합계",강동구,성내3동,2,647,1251,10351,-,-,1,629,-,-,1,18,2,43,483,1350,483,5957,283,3001
"합계",강동구,길동,1,824,1739,18116,-,-,1,824,-,-,-,-,1,22,631,1603,626,9940,481,6551
"합계",강동구,둔촌1동,-,-,16,192,-,-,-,-,-,-,-,-,-,-,1,2,1,-,14,190
"합계",강동구,둔촌2동,1,411,885,11116,-,-,1,411,-,-,-,-,1,-,371,965,268,6094,245,4057
